{
    "createdAt": "2022-03-23T06:56:56.427Z",
    "data": {
        "num_vertex": 36,
        "vertex": [
            [2, 1, 0], 
            [0, 0, 0], 
            [8, 0, 0], 
            [6, 1, 0], 
            [6, 1, -1], 
            [8, 0, -1], 
            [0, 0, -1], 
            [2, 1, -1],
            [4, 4, 0], 
            [4, 4, -1], 
            [4, 3, 0], 
            [4, 3, -1], 
            [2, 1, -7], 
            [0, 0, -7], 
            [8, 0, -7], 
            [6, 1, -7], 
            [6, 1, -8], 
            [8, 0, -8], 
            [0, 0, -8], 
            [2, 1, -8], 
            [4, 4, -7], 
            [4, 4, -8], 
            [4, 3, -7], 
            [4, 3, -8], 
            [2, 2, 0], 
            [2, 2, -8], 
            [2, 0, 0], 
            [2, 0, -8], 
            [6, 0, 0], 
            [6, 2, 0], 
            [6, 2, -8], 
            [6, 0, -8], 
            [3, 3, 0], 
            [3, 3, -8], 
            [5, 3, 0], 
            [5, 3, -8]
        ],
        "num_rusuk" : 9,
        "rusuk" : [
            {
                "num_sisi" : 6,
                "index":[[6, 1, 8, 9],[1, 0, 10, 8],[0, 7, 11, 10],[7, 6, 9, 11],[8, 10, 11, 9],[1, 6, 7, 0]],
                "color" : [
                    [0.99609375, 0.49609375, 0.3125, 1],
                    [0.99609375, 0.49609375, 0.3125, 1],    
                    [0.99609375, 0.49609375, 0.3125, 1],
                    [0.99609375, 0.49609375, 0.3125, 1],
                    [0.99609375, 0.49609375, 0.3125, 1],
                    [0.99609375, 0.49609375, 0.3125, 1]
                ]
            },
            {
                "num_sisi" : 6,
                "index": [[0, 1, 2, 3],[4, 5, 6, 7],[7, 0, 3, 4],[5, 2, 1, 6],[1, 0, 7, 6],[3, 2, 5, 4]],
                "color" : [
                    [0.99609375, 0.49609375, 0.3125, 1],
                    [0.99609375, 0.49609375, 0.3125, 1],    
                    [0.99609375, 0.49609375, 0.3125, 1],
                    [0.99609375, 0.49609375, 0.3125, 1],
                    [0.99609375, 0.49609375, 0.3125, 1],
                    [0.99609375, 0.49609375, 0.3125, 1]
                ]
            },
            {
                "num_sisi" : 6,
                "index": [[3, 10, 11, 4],[8, 10, 3, 2],[9, 8, 2, 5],[11, 9, 5, 4],[10, 8, 9, 11],[2, 3, 4, 5]],
                "color" : [
                    [0.99609375, 0.49609375, 0.3125, 1],
                    [0.99609375, 0.49609375, 0.3125, 1],    
                    [0.99609375, 0.49609375, 0.3125, 1],
                    [0.99609375, 0.49609375, 0.3125, 1],
                    [0.99609375, 0.49609375, 0.3125, 1],
                    [0.99609375, 0.49609375, 0.3125, 1]
                ]
            },
            {
                "num_sisi" : 6,
                "index": [[12, 13, 14, 15],[16, 17, 18, 19],[19, 12, 15, 16],[17, 14, 13, 18],[13, 12, 19, 18],[15, 14, 17, 16]],
                "color" : [
                    [0.99609375, 0.49609375, 0.3125, 1],
                    [0.99609375, 0.49609375, 0.3125, 1],    
                    [0.99609375, 0.49609375, 0.3125, 1],
                    [0.99609375, 0.49609375, 0.3125, 1],
                    [0.99609375, 0.49609375, 0.3125, 1],
                    [0.99609375, 0.49609375, 0.3125, 1]
                ]
            },
            {
                "num_sisi" : 5,
                "index": [[32, 8, 21, 33],[8, 34, 35, 21],[34, 32, 33, 35],[8, 32, 35, 34],[33, 21, 35, 34]],
                "color" : [
                    [0.99609375, 0.49609375, 0.3125, 1],
                    [0.99609375, 0.49609375, 0.3125, 1],    
                    [0.99609375, 0.49609375, 0.3125, 1],
                    [0.99609375, 0.49609375, 0.3125, 1],
                    [0.99609375, 0.49609375, 0.3125, 1]
                ]
            },
            {
                "num_sisi" : 6,
                "index": [[15, 22, 23, 16],[20, 22, 15, 14],[21, 20, 14, 17],[23, 21, 17, 16],[22, 20, 21, 23],[14, 15, 16, 17]],
                "color" : [
                    [0.99609375, 0.49609375, 0.3125, 1],
                    [0.99609375, 0.49609375, 0.3125, 1],    
                    [0.99609375, 0.49609375, 0.3125, 1],
                    [0.99609375, 0.49609375, 0.3125, 1],
                    [0.99609375, 0.49609375, 0.3125, 1],
                    [0.99609375, 0.49609375, 0.3125, 1]
                ]
            },
            {
                "num_sisi" : 5,
                "index":[[1, 24, 25, 18],[24, 26, 27, 25],[26, 1, 18, 27],[1, 26, 27, 24],[27, 18, 25, 24]],
                "color" : [
                    [0.99609375, 0.49609375, 0.3125, 1],
                    [0.99609375, 0.49609375, 0.3125, 1],    
                    [0.99609375, 0.49609375, 0.3125, 1],
                    [0.99609375, 0.49609375, 0.3125, 1],
                    [0.99609375, 0.49609375, 0.3125, 1]
                ]
            },
            {
                "num_sisi" : 5,
                "index": [[28, 29, 30, 31],[2, 28, 31, 17],[29, 2, 17, 30],[28, 2, 30, 29],[31, 30, 17, 29]],
                "color" : [
                    [0.99609375, 0.49609375, 0.3125, 1],
                    [0.99609375, 0.49609375, 0.3125, 1],    
                    [0.99609375, 0.49609375, 0.3125, 1],
                    [0.99609375, 0.49609375, 0.3125, 1],
                    [0.99609375, 0.49609375, 0.3125, 1]
                ]
            },
            {
                "num_sisi" : 6,
                "index": [[18, 13, 20, 21],[13, 12, 22, 20],[12, 19, 23, 22],[19, 18, 21, 23],[20, 22, 23, 21],[13, 18, 19, 12]],
                "color" : [
                    [0.99609375, 0.49609375, 0.3125, 1],
                    [0.99609375, 0.49609375, 0.3125, 1],    
                    [0.99609375, 0.49609375, 0.3125, 1],
                    [0.99609375, 0.49609375, 0.3125, 1],
                    [0.99609375, 0.49609375, 0.3125, 1],
                    [0.99609375, 0.49609375, 0.3125, 1]
                ]
            }
        ]
    }
}